{"viewport":{"x":-571.9,"height":520.9,"y":-127.35,"width":771.2},"zones":[],"planets":[{"x":-463.95,"mass":144,"y":311,"skin":12,"type":"normal","bounce":0,"radius":82.4005126953125},{"x":-80.75,"mass":250,"y":77.55,"skin":1,"type":"normal","bounce":0,"radius":112.8021240234375}],"collectibles":[],"ship":{"x":-533.6500244140625,"rotation":-2.435346841812134,"y":246.85000610351563},"orders":[{"arrival":{"x":-380.1,"type":"arrival","size":30,"y":340.5},"cost":85,"departure":{"x":-197.45,"type":"departure","size":30,"y":66.75},"id":1}]}